condition,comparison,n_per_group,placebo_mean,treated_mean,mean_difference,ci95_low,ci95_high,p_value,welch_df
full,donepezil_memantine_vs_placebo,300,-1.6929419694806989,-1.2981888282348757,0.39475314124582317,0.23448199811659112,0.5550242843750552,1.6777943786190233e-06,596.3216702456573
no_patient_heterogeneity,donepezil_memantine_vs_placebo,300,-1.6716240741158517,-1.2812781343712536,0.3903459397445981,0.23123834222739212,0.549453537261804,1.8396983764145688e-06,595.6361903582895
no_inflammation,donepezil_memantine_vs_placebo,300,-2.0566601495202463,-1.585484658774844,0.47117549074540244,0.3043247475882813,0.6380262339025236,4.4012299441680265e-08,593.838529076522
no_pkpd,donepezil_memantine_vs_placebo,300,-1.6929419694806989,-1.6066301038703106,0.08631186561038828,-0.0766722817251041,0.24929601294588066,0.2987380327247433,597.8003423771419
