{
  "scheme": "cell-centered explicit finite difference, zero-flux boundary",
  "scaling": "dx=L/N; diffusion factor=D*dt/dx^2; physical source and ROI are radius masks; integrals multiply by dx^2",
  "reference": "N=400 restricted by conservative block averaging",
  "metrics": [
    {
      "grid_n": 100,
      "physical_length": 1.0,
      "dx": 0.01,
      "dt": 0.002,
      "steps": 5,
      "diffusion_coefficient": 0.01,
      "diffusion_cfl": 0.2,
      "source_radius": 0.08,
      "represented_source_area": 0.020800000000000003,
      "roi_radius": 0.15,
      "represented_roi_area": 0.0716,
      "roi_mean": 0.029038661541667045,
      "total_mass": 0.002079168166383361,
      "peak": 0.09996000799920003,
      "runtime_seconds": 0.0004838999993808102,
      "relative_l2_vs_400": 0.06195156361611456,
      "roi_relative_error_vs_400": 0.017395082934451148,
      "mass_relative_error_vs_400": 0.03107555335986779
    },
    {
      "grid_n": 200,
      "physical_length": 1.0,
      "dx": 0.005,
      "dt": 0.0005,
      "steps": 20,
      "diffusion_coefficient": 0.01,
      "diffusion_cfl": 0.2,
      "source_radius": 0.08,
      "represented_source_area": 0.020300000000000002,
      "roi_radius": 0.15,
      "represented_roi_area": 0.0707,
      "roi_mean": 0.028699236759529335,
      "total_mass": 0.002029036039213539,
      "peak": 0.09995251422430662,
      "runtime_seconds": 0.002781199997116346,
      "relative_l2_vs_400": 0.01491750511261773,
      "roi_relative_error_vs_400": 0.0055030367436342195,
      "mass_relative_error_vs_400": 0.006214644272054829
    },
    {
      "grid_n": 400,
      "physical_length": 1.0,
      "dx": 0.0025,
      "dt": 0.000125,
      "steps": 80,
      "diffusion_coefficient": 0.01,
      "diffusion_cfl": 0.2,
      "source_radius": 0.08,
      "represented_source_area": 0.020175000000000002,
      "roi_radius": 0.15,
      "represented_roi_area": 0.07065,
      "roi_mean": 0.02854216815940514,
      "total_mass": 0.002016504183042817,
      "peak": 0.0999506407339042,
      "runtime_seconds": 0.17184790000101202,
      "relative_l2_vs_400": 0.0,
      "roi_relative_error_vs_400": 0.0,
      "mass_relative_error_vs_400": 0.0
    }
  ],
  "tissue_spatial_ablation": {
    "full_spatial_n400": {
      "grid_n": 400,
      "physical_length": 1.0,
      "dx": 0.0025,
      "dt": 0.000125,
      "steps": 80,
      "diffusion_coefficient": 0.01,
      "diffusion_cfl": 0.2,
      "source_radius": 0.08,
      "represented_source_area": 0.020175000000000002,
      "roi_radius": 0.15,
      "represented_roi_area": 0.07065,
      "roi_mean": 0.02854216815940514,
      "total_mass": 0.002016504183042817,
      "peak": 0.0999506407339042,
      "runtime_seconds": 0.17184790000101202,
      "relative_l2_vs_400": 0.0,
      "roi_relative_error_vs_400": 0.0,
      "mass_relative_error_vs_400": 0.0
    },
    "no_diffusion_n400": {
      "grid_n": 400,
      "physical_length": 1.0,
      "dx": 0.0025,
      "dt": 0.01,
      "steps": 1,
      "diffusion_coefficient": 0.0,
      "diffusion_cfl": 0.0,
      "source_radius": 0.08,
      "represented_source_area": 0.020175000000000002,
      "roi_radius": 0.15,
      "represented_roi_area": 0.07065,
      "roi_mean": 0.028556263269639066,
      "total_mass": 0.0020174999999999998,
      "peak": 0.1,
      "runtime_seconds": 0.0010600999994494487
    },
    "meaning": "Independent Layer-1 tissue field test; not claimed to enter the trial simulator."
  }
}