grid_n,physical_length,dx,dt,steps,diffusion_coefficient,diffusion_cfl,source_radius,represented_source_area,roi_radius,represented_roi_area,roi_mean,total_mass,peak,runtime_seconds,relative_l2_vs_400,roi_relative_error_vs_400,mass_relative_error_vs_400
100,1.0,0.01,0.002,5,0.01,0.2,0.08,0.020800000000000003,0.15,0.0716,0.029038661541667045,0.002079168166383361,0.09996000799920003,0.0004838999993808102,0.06195156361611456,0.017395082934451148,0.03107555335986779
200,1.0,0.005,0.0005,20,0.01,0.2,0.08,0.020300000000000002,0.15,0.0707,0.028699236759529335,0.002029036039213539,0.09995251422430662,0.002781199997116346,0.01491750511261773,0.0055030367436342195,0.006214644272054829
400,1.0,0.0025,0.000125,80,0.01,0.2,0.08,0.020175000000000002,0.15,0.07065,0.02854216815940514,0.002016504183042817,0.0999506407339042,0.17184790000101202,0.0,0.0,0.0
