treatment,n_replicates,mean_d,sd_d,q025_d,q975_d,mean_difference
donepezil,20,0.35948547186340035,0.09274452256508518,0.19726760071139018,0.5474176566817003,0.3258308537901026
donepezil+memantine,20,0.3260872298774548,0.10060844213751381,0.15107929021221345,0.4842691704260352,0.29655019665855464
lecanemab,20,0.33740821001100707,0.08762088692940397,0.20319169014394833,0.5402227406304565,0.3045837694945748
