term,estimate,robust_se,p_value,ci95_low,ci95_high
C(treatment)[T.lecanemab]:C(visit_week)[T.78],0.36831367883543226,0.10179315911546508,0.0002965952803484275,0.1688027530965656,0.567824604574299
C(treatment)[T.donepezil]:C(visit_week)[T.78],0.3154329719767011,0.09546888256925841,0.0009530235727721788,0.1283174004966709,0.5025485434567314
C(treatment)[T.donepezil+memantine]:C(visit_week)[T.78],0.36979692277082693,0.09420229803824182,8.652762643484247e-05,0.1851638113549648,0.554430034186689
