slope,intercept,r_squared,p_value,std_err
0.03179067735799368,-0.15757500340065045,0.8594178073868177,3.2030846464063975e-08,0.003214421115806699
