chi2,p_value,dof
33.373729054182206,0.6831440437710175,38
