cell_type,F_statistic,p_value,n_per_group
Neuron,691.7603113954588,1.0583472934868442e-40,20
Microglia,2956.968727304833,2.662082497874205e-58,20
Astrocyte,22984.24279586916,1.402747743692683e-83,20
