F_statistic,p_value,n_groups
37089.4665759075,1.6979679330919465e-89,3
