condition,abeta_uM,calcium_mean,calcium_sem,tau_mean,tau_sem,n
Control,0.0,0.09858,0.0027107641183369596,0.059748,0.0020821822560401428,20
High_Abeta,2.0,0.34564300000000003,0.012835690068177705,0.20911400000000002,0.009110976156609994,20
Low_Abeta,0.3,0.135707,0.003582542841408364,0.08214099999999999,0.0028188749062067493,20
