F_statistic,p_value,n_groups
2102.8789118805234,5.2456988135067845e-73,4
