calcium_F,calcium_p,tau_F,tau_p,pearson_r,pearson_p
287.91211738227827,1.6064416721928454e-30,204.28800937746507,1.0108837671146742e-26,0.9815114118378648,2.3949335537844697e-43
