Emax,EC50,Hill_n,Emax_se,EC50_se,Hill_n_se,fit_good
8.014028022770304,2.206220346220987,2.2182564188373832,0.17537845392521037,0.1566829428055961,0.28923096024977896,True
