abeta_uM,glutamate_uptake_mean,glutamate_uptake_sem,calcium_wave_mean,calcium_wave_sem,reactivity_gfap_mean,reactivity_gfap_sem,n
0.0,0.7447785,0.003861925090922236,0.033132499999999995,0.0023177522998983754,0.11044400000000001,0.007723419422700502,20
0.1,0.5651155,0.010826341669013152,0.14092949999999999,0.006495851286337344,0.469761,0.021651839983803003,20
0.3,0.303957,0.0016728330995491945,0.297626,0.0010035443503691784,0.9920880000000001,0.0033446946678363097,20
0.65,0.3,1.273513149771875e-17,0.3,1.273513149771875e-17,1.0,0.0,20
1.0,0.3,1.273513149771875e-17,0.3,1.273513149771875e-17,1.0,0.0,20
2.0,0.3,1.273513149771875e-17,0.3,1.273513149771875e-17,1.0,0.0,20
