pearson_r,p_value,n
-0.9999999999600542,2.393503333578931e-21,6
